date,tavg,tmin,tmax,prcp,snow,wdir,wspd,wpgt,pres,tsun
2021-01-01,6.4,1,12,,,,9.2,,1019,
2021-01-02,5,-1.3,12.4,0,,64,5.5,,1024.4,
2021-01-03,3.7,-1.2,10,0,,92,8.4,,1024.7,
2021-01-04,2.2,-4.7,10,0,,73,9.7,,1021.3,
2021-01-05,4.8,2,8,5,,85,13.8,,1018.2,
2021-01-06,2.7,0,5,0,,91,11,,1024.5,
2021-01-07,4.8,3.8,6.1,0,,92,14.8,,1022.3,
2021-01-08,7.2,3.2,16,0,,88,11,,1018.7,
2021-01-09,8.2,4.7,12,3.3,,81,11.4,,1017.5,
2021-01-10,9.4,6.2,13,2.4,,69,4.7,,1019,
2021-01-11,10.4,5,18,0,,166,7.7,,1019.3,
2021-01-12,12.9,7,19,0,,120,12.2,,1013.5,
2021-01-13,4.8,0.5,13.4,18.6,,346,8,,1005.2,
2021-01-14,1.3,-2,4,1.7,,283,11.1,,1006.3,
2021-01-15,-2,-7,0.1,4.9,,353,8.1,,1011.3,
2021-01-16,-4,-10,0,3.6,,77,10.5,,1009.2,
2021-01-17,-2.7,-6,-1.7,3.7,,277,19.9,,1007.4,
2021-01-18,-6.9,-13,-4,0.8,,295,8,,1017.3,
2021-01-19,-12.8,-18,-5,0,,353,1.1,,1022.8,
2021-01-20,-10.5,-16,-5,0,,29,4.2,,1027.8,
2021-01-21,-4.3,-8,0,0,,90,7.1,,1033.1,
2021-01-22,-1.3,-5.6,2,0,,86,12.3,,1030.1,
2021-01-23,1.5,-2.1,5,0,,81,15.2,,1024,
2021-01-24,4.6,0.8,11,0,,108,14.3,,1017.5,
2021-01-25,7.4,4.7,11,1.9,,138,13.3,,1013.2,
2021-01-26,9.4,5,13,0,,132,14.3,,1012.1,
2021-01-27,6.7,-1,10,11,,147,22.8,,1001.8,
2021-01-28,-1.5,-2.3,0.3,2.1,,282,9.5,,1009.1,
2021-01-29,-2.2,-7,2,0,,256,6.3,,1013.9,
2021-01-30,-0.5,-2,1.3,5.6,,78,15.4,,1007.1,
2021-01-31,3.4,-2,10,0.2,,56,9.3,,1012.1,
2021-02-01,7.3,3,15.1,0,,99,18.1,,1014.6,
2021-02-02,9.3,4,14.8,0,,104,10.8,,1017,
2021-02-03,7.5,0,15,0,,77,4.6,,1018.3,
2021-02-04,6.1,-2,16,0,,330,4.3,,1017.9,
2021-02-05,7.2,1.4,15,0,,277,5.5,,1021,
2021-02-06,5.2,-3,16,0,,37,3,,1019.7,
2021-02-07,6.6,-3,17,0,,64,4.1,,1018.2,
2021-02-08,10.2,5.5,19,0.1,,105,10.3,,1014.6,
2021-02-09,11.5,6,17,0.1,,237,12.9,,1015.1,
2021-02-10,8.4,4,14,0.2,,225,9.9,,1015.8,
2021-02-11,8.8,1,17.4,0,,133,11.7,,1014.1,
2021-02-12,4,-0.4,8.7,1.4,,284,13.8,,1015.7,
2021-02-13,0.7,-1.8,5.3,0.3,,349,4.8,,1024.6,
2021-02-14,1.2,-2.1,6.7,3.8,,33,10.9,,1018.8,
2021-02-15,-2.8,-4.9,-0.6,9.8,,332,14,,1020,
2021-02-16,-4.4,-6.1,-0.7,1.8,,352,13.3,,1019.1,
2021-02-17,-5.1,-8.2,-1.5,0.3,,325,12.9,,1020.6,
2021-02-18,-4.7,-11.9,0.1,0.8,,190,4.1,,1022.2,
2021-02-19,-1,-5.1,2,1,,309,9.7,,1027,
2021-02-20,-2.9,-7.8,2.2,0,,126,6,,1030.9,
2021-02-21,-0.9,-7.2,6.7,0,,102,9.9,,1031.6,
2021-02-22,-0.5,-10,9,0,,80,3.7,,1031.7,
2021-02-23,2.8,-7,14,0,,338,3.5,,1030.9,
2021-02-24,4,-4.2,12,0,,306,12.1,,1029,
2021-02-25,3.7,-4,11,0,,319,6.1,,1030.4,
2021-02-26,3,-6,14,0,,23,1.7,,1027.6,
2021-02-27,3.7,-6,15,0,,18,2.3,,1020.7,
2021-02-28,3.1,-1,6,0,,301,15.3,,1022.8,
2021-03-01,2.4,-3,8,0,,311,6.5,,1024.7,
2021-03-02,1.6,-0.2,4,1.7,,342,5.8,,1025.5,
2021-03-03,2.5,-2.7,10,0,,300,11.2,,1025.7,
2021-03-04,2.1,-7,12,0,,321,5.1,,1023.4,
2021-03-05,4.1,-8,17,0,,20,5.5,,1020.4,
2021-03-06,5.3,-1,12,0.9,,331,6.5,,1021.1,
2021-03-07,3.3,1,6,0.6,,283,13.4,,1021.3,
2021-03-08,2.3,-5,10,0,,305,5.4,,1017,
2021-03-09,3.5,-6,12,0,,24,3.2,,1017.6,
2021-03-10,4.5,-3,12,0.5,,84,9.6,,1013.9,
2021-03-11,3.1,0,5.4,5.9,,302,12,,1009.4,
2021-03-12,1.7,-2,7,0.6,,283,9.1,,1019.8,
2021-03-13,5.1,-3.5,15,0,,82,8.9,,1017.9,
2021-03-14,5.6,-1.2,13,0,,41,3.4,,1015.2,
2021-03-15,6.5,-2.4,14,1,,52,8,,1007.1,
2021-03-16,5.3,2,9,4.1,,239,13.6,,1002.4,
2021-03-17,3.7,0.8,8,1.4,,241,13.6,,1004,
2021-03-18,3.2,-1,7.7,1,,263,10.7,,1011.2,
2021-03-19,0.8,-4,3,9.7,,60,7,,1015.8,
2021-03-20,4,1,6.7,12.6,,60,5.9,,1016.7,
2021-03-21,6.5,3.7,11,1.1,,88,8.5,,1011.5,
2021-03-22,11.4,6,20,1.6,,122,19,,1002.1,
2021-03-23,5.3,1,12.4,9.8,,273,12.5,,1002.8,
2021-03-24,-0.1,-1.2,1.1,5.6,,294,17.1,,1006.7,
2021-03-25,-0.7,-3,2.5,3.1,,292,18.6,,1014.3,
2021-03-26,-0.6,-3,2,0.3,,279,15.7,,1022.4,
2021-03-27,2.7,-3,7.3,0,,317,8,,1027.6,
2021-03-28,3.5,-6,13,0,,351,2,,1029.8,
2021-03-29,4.1,-3,12,1,,309,8.4,,1029,
2021-03-30,2.9,-5,8,0.8,,299,10.5,,1024.5,
2021-03-31,5,2,9,1.9,,356,8.9,,1019,
2021-04-01,3.6,1,6,3.4,,280,10.4,,1016.6,
2021-04-02,5.6,2,11.5,0,,289,5.6,,1016.1,
2021-04-03,7.3,-1.1,17.8,0.6,,1,6.9,,1015.8,
2021-04-04,9.3,1.7,15.5,0.9,,120,8.4,,1015,
2021-04-05,10,7,14.4,12.5,,277,13.1,,1012.6,
2021-04-06,12.3,6.8,19.2,0.6,,100,15.5,,1009.8,
2021-04-07,15.1,8.8,22,0,,233,13.7,,1007.7,
2021-04-08,7.1,1,15,4.2,,275,14.2,,1012.3,
2021-04-09,1.6,0,4,3.2,,301,18.1,,1020.6,
2021-04-10,2,-1,6,0,,337,15.9,,1022,
2021-04-11,1.8,0,4,0.4,,285,13.6,,1022.4,
2021-04-12,2.5,0,5,6.5,,274,10.6,,1022.9,
2021-04-13,7.2,-1,14,0,,56,5.2,,1020.1,
2021-04-14,12.4,6,20,0,,119,13.8,,1016,
2021-04-15,11.8,3,20,0,,294,7,,1016,
2021-04-16,12.2,8,18,0,,299,4.5,,1016.4,
2021-04-17,14.9,8,25.1,1.5,,65,12.7,,1015,
2021-04-18,17.6,13.5,23,0.8,,230,16.4,,1016.2,
2021-04-19,12.2,10,15,10.5,,298,12.8,,1015.5,
2021-04-20,10.4,5,16,0.1,,278,11.7,,1012.6,
2021-04-21,9,0,16,0.1,,300,6.9,,1018.1,
2021-04-22,10.3,1.7,17.1,0,,305,7.4,,1022,
2021-04-23,12.1,2.4,22,0,,14,9.3,,1021.2,
2021-04-24,13.1,7,19,0.2,,311,6.8,,1018.7,
2021-04-25,10.6,8,14,11.9,,283,10.5,,1013.4,
2021-04-26,8,5,11,1,,274,18.1,,1014.8,
2021-04-27,10,-1,20,0,,88,8,,1016.3,
2021-04-28,16.2,5.5,26,0.2,,356,10.4,,1014.9,
2021-04-29,20.1,12.8,27.5,0.3,,260,12.8,,1014.9,
2021-04-30,18.6,12.4,25.2,0,,299,9.5,,1017.4,
2021-05-01,17.8,6.9,28,0,,351,3,,1018.6,
2021-05-02,21,12,31,0,,335,6.7,,1015.5,
2021-05-03,19.8,11,29,0,,337,7.3,,1013.8,
2021-05-04,16.2,12,20,2.9,,311,9.4,,1015.3,
2021-05-05,15.4,5.6,24.3,0.1,,9,6.7,,1013,
2021-05-06,14.1,8.7,19.2,2.2,,285,7.1,,1014,
2021-05-07,16,6,25,0.1,,81,6.4,,1017.2,
2021-05-08,17.3,11,23,0.3,,347,7.8,,1014.6,
2021-05-09,12.7,9,18,0,,314,13.9,,1020.8,
2021-05-10,10.9,-0.3,19.8,0,,30,7.3,,1020.9,
2021-05-11,13.1,2.6,23,0,,314,6.5,,1015.2,
2021-05-12,14.6,1.7,26,0,,323,5.6,,1010.5,
2021-05-13,17.6,5.5,28,0,,312,8.5,,1009.7,
2021-05-14,18.2,6.8,28,0,,318,9,,1012.6,
2021-05-15,18.1,7.5,28,0,,313,7.8,,1012.4,
2021-05-16,15.3,11,20.2,2.7,,273,11.9,,1008.3,
2021-05-17,14.8,6.8,21.6,0,,311,5.5,,1011,
2021-05-18,17,6.6,27,0,,283,12,,1010.7,
2021-05-19,16.4,5.6,26,0,,12,5,,1015,
2021-05-20,19.2,6.9,29,0,,295,12.7,,1009.3,
2021-05-21,15.6,7.5,24,2,,284,15.1,,1009.1,
2021-05-22,10.9,9,13.4,1,,285,15.8,,1017.6,
2021-05-23,14.8,4.8,23,0,,288,11.2,,1019.4,
2021-05-24,17.8,5.5,28,0,,310,9.2,,1021,
2021-05-25,19.8,9.3,28,0,,306,7.8,,1019.2,
2021-05-26,20,7.7,31,0,,334,7.2,,1014.5,
2021-05-27,20,9.9,30,0.4,,49,8.8,,1011.3,
2021-05-28,17.5,8.5,28,2.1,,324,6.9,,1009.2,
2021-05-29,15,11.4,19.8,1.1,,289,16.4,,1013.2,
2021-05-30,17,6.8,25.6,0,,2,6.6,,1014.5,
2021-05-31,15.8,13,19,6.9,,282,7.8,,1011.5,
2021-06-01,12.7,8,18,2.5,,310,9,,1010.4,
2021-06-02,10.3,6.8,15,2.8,,278,12.9,,1017,
2021-06-03,11.3,2.6,17,0,,306,9.7,,1020.7,
2021-06-04,13.7,8.4,18,0,,302,10.4,,1022.1,
2021-06-05,13,4.3,20,0,,315,9.1,,1020.8,
2021-06-06,14.2,3.6,22,0,,311,6.1,,1018.6,
2021-06-07,17.1,6.7,25,0,,314,5,,1017.4,
2021-06-08,15.8,11,22,9,,317,3.3,,1015,
2021-06-09,16.3,10,23,0.9,,319,5.6,,1012.8,
2021-06-10,17.1,10,24,0.8,,289,5.3,,1011.2,
2021-06-11,16.9,10.5,24,0.3,,309,8.4,,1012.8,
2021-06-12,17.5,8.6,26,0.2,,319,5.1,,1014.1,
2021-06-13,17,10,24,0.6,,328,3.7,,1013.3,
2021-06-14,14.5,11.9,20.5,4.1,,275,10,,1011,
2021-06-15,13.7,10,19,1.5,,274,10.9,,1012.2,
2021-06-16,13.6,7,20,0.3,,286,10.5,,1012,
2021-06-17,15.3,10,21.2,0.1,,311,7.8,,1017.8,
2021-06-18,17.7,9.9,26,0.4,,345,4.3,,1016.4,
2021-06-19,18.1,10.6,25,0.3,,347,4,,1013.3,
2021-06-20,19.1,13,25,1.6,,302,5.2,,1011.6,
2021-06-21,17.3,14.5,25.9,6.1,,313,5.8,,1012.2,
2021-06-22,18.5,13.7,24.2,8.2,,314,7.6,,1014.3,
2021-06-23,20.3,13.1,27,0.1,,292,8.7,,1015.9,
2021-06-24,21.5,15.9,27,0.6,,292,13.1,,1016.5,
2021-06-25,22.5,16.9,29,0,,296,11.2,,1015.2,
2021-06-26,22.8,18,28,0,,299,12.4,,1013.3,
2021-06-27,23.4,17.5,30,0,,313,8.1,,1014.1,
2021-06-28,22.9,14.1,29,0,,314,8.9,,1016,
2021-06-29,22.5,15.1,29.1,0,,317,6.9,,1016.1,
2021-06-30,23.6,13.9,31.2,0,,336,5.3,,1015.1,
2021-07-01,24.1,13.2,33.3,0,,336,3.3,,1013.2,
2021-07-02,24.9,14.9,35,0,,327,10,,1008.2,
2021-07-03,20.8,16,26,4.3,,285,17.2,,1007.9,
2021-07-04,18.1,14,23,1.4,,288,15.8,,1011,
2021-07-05,18.9,9.8,26,0,,317,5.8,,1011,
2021-07-06,17.4,10.8,21,5,,298,9.9,,1010.8,
2021-07-07,20.8,17,26,1.6,,291,13.7,,1014.1,
2021-07-08,21.4,18,26.1,0.8,,290,12.6,,1016.3,
2021-07-09,22.2,17,28,1.8,,322,11.5,,1015.3,
2021-07-10,21.3,15,28.2,0,,292,10.4,,1012.6,
2021-07-11,21.9,14.5,29,0,,272,10.4,,1011.7,
2021-07-12,22.2,12.2,30,0,,291,9.4,,1012.7,
2021-07-13,23.3,16.9,30,0,,292,13.9,,1013.2,
2021-07-14,22.5,14.8,29.5,0,,286,9.6,,1013.2,
2021-07-15,24.4,15.8,33.7,0,,313,9.7,,1010.8,
2021-07-16,24.4,13.6,33,0,,10,5.6,,1010.2,
2021-07-17,25.4,13.5,35.2,0,,19,6.2,,1007.1,
2021-07-18,27.6,17,38,0,,7,6.7,,1005.3,
2021-07-19,27.8,19.3,36,0,,299,8.6,,1007.3,
2021-07-20,26.5,20.3,33,0,,278,15,,1009.4,
2021-07-21,24.6,19,31,0,,284,14.5,,1011.5,
2021-07-22,21.7,17,27,0,,301,15.5,,1013.5,
2021-07-23,20,12.6,26,0,,330,10.1,,1012.7,
2021-07-24,20.9,15,28,0,,317,8.5,,1011.8,
2021-07-25,21,14.2,28,0.6,,331,10,,1013.8,
2021-07-26,21.9,14.6,29,0.1,,304,12.3,,1017,
2021-07-27,23.2,13.6,32,0,,338,10.8,,1018.6,
2021-07-28,23.3,13.1,32,0,,336,7.9,,1017.1,
2021-07-29,23.8,13.3,33,0,,329,6.5,,1014.5,
2021-07-30,25.6,13.1,34,0,,345,8.2,,1012.1,
2021-07-31,25.3,13.6,34.4,0,,349,7.5,,1011.8,
2021-08-01,25.1,15.4,33,0,,328,8.8,,1012.5,
2021-08-02,24.7,11.9,34,0,,325,7.7,,1013.1,
2021-08-03,26.6,14,36.7,0,,322,7.1,,1014.3,
2021-08-04,27,15.5,35,0,,333,8.3,,1015.7,
2021-08-05,26.1,15.4,34.5,0,,324,6,,1013.5,
2021-08-06,24.7,12.8,35,0,,22,6.3,,1006.6,
2021-08-07,22.7,18,26.2,4.5,,298,20.7,,1007.6,
2021-08-08,20.4,18,24.8,2.6,,296,15,,1015.4,
2021-08-09,20.9,13.4,28,0,,283,12.8,,1017.8,
2021-08-10,21.8,12.7,29,0,,288,15.1,,1016.7,
2021-08-11,22,17,28,0,,318,12.6,,1014.4,
2021-08-12,20.5,11.7,27,0,,327,12.8,,1016.9,
2021-08-13,20.9,13,28.3,0,,337,11.2,,1019.7,
2021-08-14,19.7,12.6,27,0,,293,9,,1018.8,
2021-08-15,19.8,12,28,0,,295,8.8,,1016.9,
2021-08-16,20.6,9.5,30,0,,344,6.2,,1015.6,
2021-08-17,22.4,10.8,32.6,0,,13,4.4,,1013,
2021-08-18,23.5,12.8,32,0,,299,10.6,,1009.6,
2021-08-19,21.4,13,28.4,0,,298,15,,1011.3,
2021-08-20,21,15,28,0.1,,305,8.6,,1014.4,
2021-08-21,20,11,30,0,,279,8.1,,1015.3,
2021-08-22,20.9,14,29.2,0,,278,11,,1014.4,
2021-08-23,22.1,15.9,30,0,,296,8.1,,1014.7,
2021-08-24,22.5,12,32,0,,355,8.2,,1013.8,
2021-08-25,23,13,33,0,,355,7.3,,1012.5,
2021-08-26,23.6,14.8,32,0,,309,7.3,,1012.6,
2021-08-27,24.4,13,34,0,,7,6.3,,1012.8,
2021-08-28,25.7,16,35.1,0,,329,9.2,,1010.1,
2021-08-29,25.5,16,33,0,,286,12.9,,1006.9,
2021-08-30,24.5,17,31,0,,285,12.5,,1009.8,
2021-08-31,23.5,17.5,30.7,0,,285,12.5,,1013.3,
2021-09-01,22.1,17,28,0,,275,15.2,,1012.7,
2021-09-02,18.7,14,25,0,,302,14.4,,1016.3,
2021-09-03,16,9,22.1,0,,324,8.9,,1019,
2021-09-04,16.7,7,26,0,,329,5.4,,1015.5,
2021-09-05,18.4,12,26,0,,319,9.6,,1014,
2021-09-06,19.1,15,24,1,,343,6.9,,1017,
2021-09-07,16.9,9,24,0,,47,10.4,,1020.1,
2021-09-08,17.3,7,27,0,,27,6.7,,1018.9,
2021-09-09,18.1,8,29,0,,334,6.9,,1015.4,
2021-09-10,17,13,23,3.9,,276,14,,1015.1,
2021-09-11,16,13,21.5,0.4,,276,13.8,,1016.1,
2021-09-12,16.5,7.5,25,0,,329,4.6,,1013.4,
2021-09-13,18,9,27,0,,318,7.3,,1011.8,
2021-09-14,18.4,13,24,0,,272,10.4,,1013.4,
2021-09-15,14.9,13.9,16.8,17.7,,309,9.6,,1015.1,
2021-09-16,16.3,13.4,20,0.3,,310,11.3,,1017.1,
2021-09-17,15.6,8.7,23,0,,292,6.7,,1017.6,
2021-09-18,16.6,7,27,0,,36,5.4,,1015.5,
2021-09-19,19.5,12,27.6,0.3,,329,4.5,,1015.9,
2021-09-20,19.9,13,30,0,,359,5.2,,1015.9,
2021-09-21,17.8,11.4,25,2.4,,306,9.8,,1017.4,
2021-09-22,14.9,12,18,0,,302,12.3,,1016.3,
2021-09-23,10.9,8,14,2.1,,295,15.5,,1014.6,
2021-09-24,11,5,18,0,,312,5.5,,1018.3,
2021-09-25,12.4,3.9,21.1,0,,334,5.1,,1021.4,
2021-09-26,13.8,5,23.1,0,,20,2.7,,1022.6,
2021-09-27,14.7,6,25,0,,321,7.8,,1017.5,
2021-09-28,15.2,9,23,0,,277,10.8,,1016.7,
2021-09-29,13.8,11,19,0,,280,11.3,,1018.3,
2021-09-30,13.3,10,19.1,0,,314,7.7,,1019.5,
2021-10-01,11,3,19,0,,336,4.1,,1020.7,
2021-10-02,11.6,3.9,20,0,,315,7,,1019.4,
2021-10-03,12.1,5,19,0,,285,8.6,,1020.9,
2021-10-04,11.1,3,19,0,,329,6.3,,1022,
2021-10-05,10.8,6,17,0,,309,11.6,,1022,
2021-10-06,10,2,18,0,,348,3,,1021.8,
2021-10-07,10.2,1,20,0,,67,5.8,,1020.2,
2021-10-08,11.4,1,22,0,,51,6.7,,1019.5,
2021-10-09,14.5,5,24,0,,357,6.1,,1018.5,
2021-10-10,15,7,24,0,,319,5.6,,1020,
2021-10-11,15.4,9,24.5,0,,341,2.8,,1018,
2021-10-12,14.4,8,24,5.3,,355,6,,1011.3,
2021-10-13,12.3,8,17,0.2,,312,7,,1013.4,
2021-10-14,11.8,5,21,0,,61,5.9,,1018.7,
2021-10-15,12.9,4.5,21.4,0,,47,6.2,,1017.8,
2021-10-16,15.1,10,20.9,0.4,,235,7.5,,1014.4,
2021-10-17,12.3,10.6,15,3.8,,266,11.2,,1016.8,
2021-10-18,12.3,10,15.8,0.7,,302,6.4,,1020.9,
2021-10-19,10.3,6,15,0.2,,295,5.1,,1024.7,
2021-10-20,8.5,2,16.2,0,,20,4.6,,1026.6,
2021-10-21,9,2,18,0,,95,10.1,,1024.8,
2021-10-22,10.5,1,21,0,,76,8,,1022.5,
2021-10-23,10.5,1,21,0,,318,3.1,,1022.1,
2021-10-24,10,2,17.2,0.1,,312,10,,1023.4,
2021-10-25,8.7,2,14.3,0,,10,4.8,,1026.1,
2021-10-26,4.6,-3.1,13,0,,67,8.8,,1024.8,
2021-10-27,5.8,-4,16,0,,2,3.2,,1023.1,
2021-10-28,8.3,2,16,0,,288,7.2,,1023,
2021-10-29,7.5,0,15,0,,62,7.1,,1021.9,
2021-10-30,8.2,1,16,0,,86,9.6,,1021.8,
2021-10-31,9.3,2,17,0.1,,80,10,,1020,
2021-11-01,10.7,8,12,6,,76,9.9,,1015.9,
2021-11-02,10.5,8.9,12,1,,68,8.4,,1014.6,
2021-11-03,13.4,10.9,19,3.8,,65,5.7,,1019.1,
2021-11-04,11.4,4,20,0,,63,5.9,,1024.8,
2021-11-05,10,3,19.4,0,,26,2.7,,1024.8,
2021-11-06,9.4,1,21,0,,4,0.2,,1025.4,
2021-11-07,9.5,2,20,0,,18,1.3,,1024.2,
2021-11-08,11.1,3,22,0,,44,6.4,,1020.8,
2021-11-09,10.6,1,21,0.1,,356,5.4,,1022.4,
2021-11-10,7,1.4,11.3,3.3,,325,14.8,,1030.5,
2021-11-11,3.4,-3.7,9.5,0,,83,9.1,,1029.9,
2021-11-12,2.8,-2.9,10,0,,93,10.7,,1025.2,
2021-11-13,2.9,-3.4,11,0,,96,8.8,,1024.5,
2021-11-14,3.1,-5,13,0,,78,6,,1023.7,
2021-11-15,5.3,-3,16,0,,353,2.2,,1022.3,
2021-11-16,4.2,-2.9,12.3,0,,54,6.4,,1023.3,
2021-11-17,3.2,-4,12.1,0,,59,5.4,,1021.6,
2021-11-18,4.5,-2.4,13.8,0,,320,5,,1022.4,
2021-11-19,6.4,5,7,0,,282,10.8,,1019.8,
2021-11-20,5.5,-1,10,0,,345,5.7,,1017.6,
2021-11-21,2.4,-5,11,0,,64,6.1,,1019.6,
2021-11-22,5.1,-2,13,0,,100,10.1,,1020.6,
2021-11-23,6.6,0,13,3.7,,81,7.2,,1020.1,
2021-11-24,7.5,5.8,9,15.6,,346,2.7,,1019.6,
2021-11-25,6.2,4.5,8,1.7,,35,6.4,,1019.8,
2021-11-26,8.6,4,13.1,0.5,,97,12.4,,1017.2,
2021-11-27,13.2,10,16,5.5,,146,9.5,,1013.4,
2021-11-28,12.5,8,18,0.8,,131,12.2,,1011.7,
2021-11-29,14.3,7.5,21,6.7,,141,20.4,,1010,
2021-11-30,8.4,4,14,24.2,,251,15,,1006.7,
2021-12-01,3.6,1.9,6.2,3.4,,268,12.2,,1014,
2021-12-02,2.3,-3,9,0,,78,10.9,,1018.4,
2021-12-03,6.3,2.9,11,0,,86,12.8,,1018.3,
2021-12-04,6.8,4.9,9,3.1,,82,12.5,,1014.9,
2021-12-05,9,5.5,13,1.2,,97,8,,1012.9,
2021-12-06,11.2,7,17,0,,122,12.4,,1015.1,
2021-12-07,8.4,6.6,11,11.4,,106,12.9,,1007.4,
2021-12-08,5.8,1.3,9,2.9,,68,4.6,,1006.8,
2021-12-09,5.6,0,12,0.1,,97,6.7,,1017.9,
2021-12-10,5.2,1.8,13,0,,88,15.6,,1019.7,
2021-12-11,8.9,5,14,2.2,,104,12.6,,1018.2,
2021-12-12,11.1,7,17,0,,103,15.7,,1017.2,
2021-12-13,7,5.8,9,4.2,,86,8.9,,1016.5,
2021-12-14,6.7,5,8.4,1.8,,55,5.4,,1013.8,
2021-12-15,3.8,1.8,7,14.4,,276,17.4,,1014.9,
2021-12-16,1.2,0,2.3,3.3,,267,13.3,,1019.2,
2021-12-17,1.1,-0.1,2.1,0.1,,270,13.1,,1017.4,
2021-12-18,0.7,0,2,5.9,,305,4.7,,1014,
2021-12-19,1,0,3,6.1,,350,6.7,,1010.8,
2021-12-20,0.7,-1,3,0.3,,264,7.2,,1010.2,
2021-12-21,-0.9,-5,0.8,2,,279,12.1,,1018,
2021-12-22,-4.2,-8.6,-1,0,,347,2.5,,1024.8,
2021-12-23,-5.5,-9,-1,0,,347,3.3,,1024.5,
2021-12-24,-6.5,-10.1,-2,0,,107,7.1,,1022.9,
2021-12-25,-3.3,-8.1,2,0,,96,12.5,,1022.7,
2021-12-26,3.1,0,10,0,,88,13.2,,1021.2,
2021-12-27,4.9,1.1,12,0,,95,10.2,,1021.1,
2021-12-28,4.6,0.8,11,0,,86,11.9,,1016.9,
2021-12-29,4.2,0,9.2,0.3,,84,14.1,,1013.5,
2021-12-30,6.1,3.5,10.4,0.2,,82,16.1,,1012.6,
2021-12-31,3.8,-2,11,0,,72,3.8,,1019.6,
2022-01-01,2.8,-0.4,6,0.3,,319,2.5,,1019.2,
2022-01-02,5.6,2,8,0.8,,288,13,,1022.1,
2022-01-03,0.4,-2.5,5,0,,36,3.5,,1021,
2022-01-04,2.5,-4,12,0,,357,1.9,,1018.2,
2022-01-05,4,-2,12,0,,97,9.7,,1017.4,
2022-01-06,6.6,-1,16,0.1,,111,7.4,,1017.5,
2022-01-07,5.7,1,11.1,0,,63,4.3,,1018.6,
2022-01-08,5.1,1,8,5,,90,6.1,,1016.2,
2022-01-09,6.6,2.9,11.5,1.1,,100,10.7,,1008.2,
2022-01-10,6,4,8,2.3,,83,14.9,,1003.7,
2022-01-11,6.1,3,10.2,1.2,,82,14.5,,1009,
2022-01-12,3,-1,6,6.1,,311,15.4,,1013.6,
2022-01-13,-1.9,-5,0,0,,334,18.3,,1023.5,
2022-01-14,-4.9,-11,1,0,,50,3.4,,1022.3,
2022-01-15,-2.5,-8.4,2,1.1,,298,10.9,,1017.3,
2022-01-16,-2.3,-5,0.3,0.1,,285,9.8,,1023.3,
2022-01-17,-4.3,-11,3,0,,46,5.5,,1022.5,
2022-01-18,-2.5,-5,0,4.5,,289,11.1,,1018.5,
2022-01-19,-5,-7,-3,1.6,,287,16.7,,1025,
2022-01-20,-6.6,-13.4,-1,0,,33,5.4,,1026.7,
2022-01-21,-2.8,-7.5,1.4,3.1,,90,13.3,,1020.3,
2022-01-22,-2.1,-4.2,1.2,11.5,,269,11.7,,1011.9,
2022-01-23,-5,-6.1,-4,1.9,,288,21.3,,1013.2,
2022-01-24,-7,-12,-2,0,,277,10.5,,1021.2,
2022-01-25,-8.2,-14,-3,0.5,,348,2.5,,1022.6,
2022-01-26,-4.5,-7.6,-2,0.3,,322,10.6,,1018.6,
2022-01-27,-4.4,-9,-0.4,0.5,,279,7.5,,1022.3,
2022-01-28,-7.5,-13,-2,0,,58,5.3,,1023,
2022-01-29,-5.4,-7,-2,0,,107,10.3,,1023.6,
2022-01-30,-5.1,-10,-1,0.4,,110,7.6,,1018.8,
2022-01-31,-1.8,-5,3,0.2,,356,4.5,,1013.5,
2022-02-01,-3.5,-7,0,0,,84,15.1,,1013.3,
2022-02-02,3.8,0.4,7,14.9,,100,15,,1010.4,
2022-02-03,3.3,1,7,8.5,,68,11.8,,1008,
2022-02-04,-0.4,-6,2,0.9,,310,14.4,,1016.9,
2022-02-05,-3.2,-9,3,0,,92,8.2,,1021.2,
2022-02-06,-0.6,-7.3,7,0,,4,3.4,,1023.4,
2022-02-07,1.7,-4.1,9,0.2,,86,9.8,,1017.4,
2022-02-08,6.2,0,10,23.1,,173,15.2,,1006.1,
2022-02-09,0.3,-1,2,4.2,,301,21.1,,1015.4,
2022-02-10,0.8,-3,4,0.6,,308,13.5,,1024.9,
2022-02-11,-0.3,-7.1,8,0,,52,6.8,,1027.8,
2022-02-12,1.1,-4,10,0,,69,6.6,,1028.1,
2022-02-13,1.2,-4,8,0,,30,5,,1025.3,
2022-02-14,1.9,1,3,0.1,,295,6.6,,1022,
2022-02-15,2.5,-1,7,0,,67,3.5,,1023.1,
2022-02-16,1.2,-6,9,0,,97,8.5,,1023.6,
2022-02-17,2.1,-4,9,0,,96,12,,1016.9,
2022-02-18,1.3,-2,4,5.3,,96,11.3,,1013.4,
2022-02-19,3.1,-2,8,0,,226,7.1,,1021,
2022-02-20,3.3,-2.6,10,0,,92,10.9,,1021.9,
2022-02-21,7.8,1,16,0,,74,4.7,,1015.5,
2022-02-22,6.3,0,11.8,1.1,,79,8.4,,1010.4,
2022-02-23,7.8,3,14,0.5,,123,10.6,,1013.9,
2022-02-24,4.3,1,7,10.1,,296,8.7,,1012.2,
2022-02-25,2.7,1.1,5,9.5,,281,16.4,,1012.4,
2022-02-26,3.8,0,8,0.1,,307,5.9,,1019,
2022-02-27,6.9,2.4,13,0,,80,8.2,,1018.9,
2022-02-28,5.8,2,9,4.4,,246,10.3,,1015,
2022-03-01,1.9,0.6,4,0.9,,287,8.4,,1018.9,
2022-03-02,1.2,-1,4,3.4,,307,5.3,,1013.7,
2022-03-03,-0.9,-2,0.6,6.8,,294,20.6,,1009.1,
2022-03-04,-1.1,-6,4,0,,45,4,,1016.6,
2022-03-05,0.7,-4,5.5,0.4,,69,8,,1016.5,
2022-03-06,4.7,2,9.1,1.5,,86,11.2,,1013.5,
2022-03-07,3.5,0.9,7,7.1,,95,10,,1010.6,
2022-03-08,2.3,-1,6.9,5,,315,10.2,,1010.5,
2022-03-09,0.1,-2,3,0,,317,12.5,,1010.5,
2022-03-10,-1.5,-3,1,0.7,,320,10.9,,1010.9,
2022-03-11,-4,-7,-1,1,,293,19.3,,1016.3,
2022-03-12,-6.6,-11,-3.9,0.3,,306,10.5,,1022.6,
2022-03-13,-4.4,-10,1,0,,296,10.2,,1024.5,
2022-03-14,-3.3,-10,3.1,0,,327,8.6,,1029.8,
2022-03-15,-1.5,-5,2,0.2,,302,9.9,,1032,
2022-03-16,-2.4,-8.5,3,0,,59,4.1,,1027.2,
2022-03-17,0.7,-1.9,4.2,1.7,,324,6.8,,1024,
2022-03-18,-3.4,-6.4,0.2,0.8,,329,17.9,,1032.4,
2022-03-19,-4.2,-7.3,0.5,0.9,,322,17.6,,1033.4,
2022-03-20,-2.5,-5.4,1.1,0.2,,327,14.8,,1032.3,
2022-03-21,-2,-10,3.5,0,,333,10,,1027.9,
2022-03-22,-0.8,-5,5,0.5,,7,6.2,,1020.8,
2022-03-23,1.1,-4.7,5.1,0.5,,335,7.4,,1019.1,
2022-03-24,1,-2,3,1.5,,294,12.5,,1017.8,
2022-03-25,3.4,-6.8,12.4,0.4,,311,10.5,,1018.7,
2022-03-26,1.5,-4,7,1.7,,324,10.2,,1025,
2022-03-27,2.8,-8.1,14,0,,331,7,,1028.1,
2022-03-28,7,-4,18,0,,29,2.1,,1028.2,
2022-03-29,7.9,1,15.7,4.6,,349,3.6,,1020.2,
2022-03-30,8.1,-2,17,0,,13,3.5,,1015.8,
2022-03-31,11.5,3.3,20,0,,59,6.6,,1015.6,
2022-04-01,16.7,10,25,0.2,,113,16.4,,1012.1,
2022-04-02,16.3,9,21.5,0,,231,19.1,,1008.5,
2022-04-03,11.7,4,18,0.1,,259,18.6,,1011.5,
2022-04-04,9.8,-1,18,0,,286,7.5,,1017.8,
2022-04-05,10.6,4,19,1.4,,356,4.5,,1012.1,
2022-04-06,10.7,2,18,0,,327,4.7,,1012.3,
2022-04-07,9.7,0,18,10.2,,36,8.7,,1008.9,
2022-04-08,11.3,5,15,3.2,,290,12.7,,1007.9,
2022-04-09,12.4,1,25,0,,74,10.1,,1012,
2022-04-10,15.6,6.8,24,0,,233,8.5,,1008,
2022-04-11,8,2.9,14.5,2.8,,272,18.2,,1007.9,
2022-04-12,4,0,8.6,1.8,,308,15.7,,1018.5,
2022-04-13,2.7,-3,9.1,0,,335,5.2,,1020.5,
2022-04-14,5,-5.5,15,0,,334,4.3,,1022,
2022-04-15,9.5,-1.7,20,0,,323,4.3,,1020.2,
2022-04-16,11.4,0.8,21.1,0,,63,6.4,,1016,
2022-04-17,10.1,5.4,12.3,6.2,,81,8.3,,1010.8,
2022-04-18,11.5,7,18.3,1.9,,280,14.3,,1004.1,
2022-04-19,7.2,4.6,12.6,1.8,,285,9.6,,1009.4,
2022-04-20,7.6,-2.4,16,0,,321,3.6,,1015.9,
2022-04-21,10,1.9,18,0,,316,6.6,,1016.7,
2022-04-22,12.1,2,21,0,,66,7.8,,1017.7,
2022-04-23,16.2,9,25,0.2,,98,11.2,,1011.5,
2022-04-24,17.2,5.8,27,0,,317,5.4,,1010.9,
2022-04-25,17.3,6.1,28,0,,321,6.6,,1010,
2022-04-26,17.4,7.7,25,0,,293,10,,1012,
2022-04-27,17.9,12.6,25.4,0,,275,14,,1012.9,
2022-04-28,17.2,7.5,26,0.3,,298,9.6,,1013.7,
2022-04-29,16.4,7.5,27,0.6,,313,7.5,,1014.7,
2022-04-30,12.2,10.7,16,3.7,,281,10.8,,1014.8,
2022-05-01,12.8,9,19,0,,317,7.9,,1015.4,
2022-05-02,12.6,5.9,19.1,3,,63,9.2,,1013.3,
2022-05-03,12.6,10,19,4.5,,301,6.7,,1010.5,
2022-05-04,9.7,8,13.1,0.2,,283,14.9,,1013.9,
2022-05-05,9.3,5.7,13,0,,320,10,,1019,
2022-05-06,9.6,5,14.6,0,,299,13.8,,1020.5,
2022-05-07,10,5,16.1,0,,312,10,,1019.4,
2022-05-08,11.7,1.4,21,0,,320,4.2,,1019.8,
2022-05-09,13,3.7,21.1,0,,322,7.5,,1018.1,
2022-05-10,13.4,2.6,22,0,,357,7.4,,1017.5,
2022-05-11,15,8,21.4,1.1,,284,11.7,,1016.9,
2022-05-12,14.3,5.9,22,0,,304,6.3,,1021.1,
2022-05-13,15.4,3.9,24,0,,75,5.1,,1019.8,
2022-05-14,18.4,12.8,24,1.7,,311,9.3,,1016,
2022-05-15,17.8,12.4,24,0,,300,11.7,,1015.9,
2022-05-16,15.5,8,22,4.4,,342,3.9,,1019.2,
2022-05-17,17,8.3,24,0.1,,325,6,,1017.3,
2022-05-18,16.6,6.5,26,0,,320,10.6,,1014.3,
2022-05-19,9.8,6.9,14,0.1,,320,14.9,,1022.2,
2022-05-20,11.3,0,20,0,,36,4.4,,1024.3,
2022-05-21,15,4,25,0,,57,7.6,,1018.9,
2022-05-22,16.9,5.8,26,0,,327,9.1,,1010.2,
2022-05-23,16.4,10.2,22,0.1,,301,14.7,,1009.3,
2022-05-24,16.1,8,23,0,,314,9.7,,1013.9,
2022-05-25,18.1,11,25,0,,300,9.6,,1017.7,
2022-05-26,20.8,10,29.6,,,304,10.2,,1019.6,
2022-05-27,20.9,11.5,28,,,318,9,,1018.5,
2022-05-28,20.5,10.3,28.4,0,,304,8,,1014.1,
2022-05-29,21.2,12.1,31.7,1.2,,42,7.3,,1013.1,
2022-05-30,22.5,14,31.4,0,,57,13.7,,1012,
2022-05-31,21.9,15,29,0,,284,14.5,,1013.8,
2022-06-01,20.8,14.8,29.3,0.1,,280,10.1,,1013.9,
2022-06-02,21.8,13,30,0.5,,330,9,,1012.4,
2022-06-03,21.3,15.5,27,1,,288,16,,1012.4,
2022-06-04,21.5,16,28.2,1.1,,287,15,,1013.3,
2022-06-05,21.8,15,29,0,,297,14.1,,1013.1,
2022-06-06,21.1,12.8,28.1,0.4,,287,13.4,,1011.9,
2022-06-07,18.3,13,24,1.3,,279,12.2,,1010.8,
2022-06-08,18.4,11,25,0.7,,306,8.8,,1009.7,
2022-06-09,18.5,10,27,0.4,,284,6.1,,1010.6,
2022-06-10,20.6,13,28,0,,16,4.9,,1011.7,
2022-06-11,17.5,15,21,13.2,,353,8.8,,1009.6,
2022-06-12,16.4,13.3,20,2.8,,306,5.8,,1006.2,
2022-06-13,18.7,15.4,22,2.2,,300,12.1,,1008.7,
2022-06-14,19.7,15,25.3,2.2,,322,9.3,,1012,
2022-06-15,19.6,12,26,0.7,,358,4.1,,1016.7,
2022-06-16,18.8,13.1,25,0.7,,331,6.6,,1017.6,
2022-06-17,20,15,26.3,1.6,,292,7.5,,1015.6,
2022-06-18,19.7,13.8,26,4.9,,298,9.1,,1014.1,
2022-06-19,19.5,14.3,25,1.6,,313,7.7,,1015.4,
2022-06-20,19.9,13,28.7,6.6,,338,11.3,,1012.4,
2022-06-21,18.9,16.4,22,3,,296,13.6,,1009.8,
2022-06-22,20.5,12.7,26,0.4,,310,12.4,,1010.8,
2022-06-23,21.1,14.7,27,0.3,,302,10.3,,1012.2,
2022-06-24,18.2,13.9,22,1.1,,316,12.6,,1012.9,
2022-06-25,17.6,13.6,22,0.9,,287,15.5,,1014.1,
2022-06-26,17.5,10.9,22,0,,308,11.6,,1014.7,
2022-06-27,17.6,13,21.4,5.8,,291,14.5,,1015.2,
2022-06-28,18.3,14.6,23.2,2,,311,13,,1013,
2022-06-29,19.1,15,23.3,2,,318,8.7,,1013.1,
2022-06-30,19.4,12,26,2.5,,348,6.6,,1013,
2022-07-01,21.5,15,28,1,,317,12.2,,1013.6,
2022-07-02,21.8,14.2,29,0,,330,8.3,,1015.6,
2022-07-03,20.9,11.6,29,0,,344,6.9,,1015.7,
2022-07-04,20.4,9.9,29,0,,10,6.5,,1014.4,
2022-07-05,20.9,10.6,30,0,,319,7.7,,1013.1,
2022-07-06,21.3,10.5,30,0,,333,7,,1010.7,
2022-07-07,21.7,16.5,28,0.3,,295,13.7,,1011,
2022-07-08,22,16.2,28,0,,308,7.8,,1011.7,
2022-07-09,20.4,15,27,5,,337,7.2,,1007.7,
2022-07-10,18.6,14.5,23.1,2.3,,308,11.6,,1007.7,
2022-07-11,19.5,13.8,26,0,,317,8.5,,1014.1,
2022-07-12,20.1,11,28,0.2,,324,7.2,,1016.1,
2022-07-13,19.4,15,24.8,0,,284,13.1,,1015.3,
2022-07-14,20.4,13.4,28,0,,302,8.6,,1015.3,
2022-07-15,20.4,11.4,28,0,,305,9.4,,1012.8,
2022-07-16,20.9,11.9,28.1,0,,299,9.4,,1014.3,
2022-07-17,21.3,11.7,29.5,0,,330,8.9,,1016.7,
2022-07-18,21,14.5,26.8,0,,358,13.1,,1017.9,
2022-07-19,19.3,12.1,27,0,,307,9.5,,1017.6,
2022-07-20,20,14,26,0,,284,13.1,,1015.9,
2022-07-21,20.3,12.4,28,0,,301,12.3,,1014.6,
2022-07-22,20.6,12.8,27.5,0,,306,10.3,,1015.7,
2022-07-23,21.7,11.4,29,0,,325,11.2,,1016.8,
2022-07-24,21.2,9.4,30.3,0,,335,6.6,,1015.2,
2022-07-25,20.9,9,31,0,,328,7,,1012.8,
2022-07-26,22.7,16,30,0,,296,8.4,,1011.5,
2022-07-27,22.5,10.9,32,0,,343,3.5,,1011,
2022-07-28,24.2,12.3,35,0,,7,4,,1011.7,
2022-07-29,25.2,15.6,35,0,,338,5.4,,1012.4,
2022-07-30,24.2,16.3,33,0,,271,12.7,,1011.5,
2022-07-31,23.8,14.5,31.7,0,,297,11.5,,1009.3,
2022-08-01,23.2,17.1,29,0,,304,12.1,,1009.7,
2022-08-02,22.6,16,29,0,,295,11.5,,1011.5,
2022-08-03,22.6,15.6,30.2,0,,308,7.7,,1012.6,
2022-08-04,23.3,17,31.9,0.2,,290,9.9,,1012.7,
2022-08-05,23.5,18,30.2,0.1,,285,10.6,,1011.8,
2022-08-06,23.1,18,31,1.3,,287,11.8,,1009.1,
2022-08-07,22.6,17,29,0,,320,6.1,,1008.3,
2022-08-08,22.4,18,30.2,4.9,,317,5,,1010.6,
2022-08-09,22.9,19,29,2.5,,292,9.8,,1011.2,
2022-08-10,22.4,18,27.4,0.3,,292,12.8,,1010.6,
2022-08-11,22.2,18,27.7,0,,308,9.4,,1012.2,
2022-08-12,22.2,15.7,30,0,,290,7.6,,1012.9,
2022-08-13,21.5,15.1,31,1.8,,354,7.6,,1009.8,
2022-08-14,20.8,14,30,0.1,,342,3.4,,1007.3,
2022-08-15,21,18,26.4,6.2,,321,5.8,,1008,
2022-08-16,21.2,12,29,0,,340,3.7,,1013.2,
2022-08-17,22.9,13.8,31,0,,336,5.3,,1012,
2022-08-18,23.3,13.5,31,0,,313,8.4,,1011.6,
2022-08-19,22.6,16,28.3,0,,302,12.1,,1011.3,
2022-08-20,23,16.7,31,0,,299,5.8,,1010.4,
2022-08-21,24.1,14.8,33,0,,352,7,,1006.9,
2022-08-22,24.1,17,32,0.2,,339,5.5,,1006.9,
2022-08-23,24.3,14,34,0,,9,6.1,,1009.5,
2022-08-24,22.8,16,32,4,,327,5.4,,1009.2,
2022-08-25,20,13,27,1,,297,8.9,,1009.8,
2022-08-26,19.3,14.8,28,6.5,,323,4.6,,1009.6,
2022-08-27,21,14,29,0.1,,322,6.2,,1012.2,
2022-08-28,23,16,30.2,1.7,,288,8.6,,1013.6,
2022-08-29,24,15,33,0,,10,6.7,,1014.5,
2022-08-30,24.4,16,33,0,,325,7.1,,1012.4,
2022-08-31,23.4,19,30.2,1.6,,277,13.1,,1011.7,
2022-09-01,22.6,17.9,29.1,0.5,,276,10.5,,1011.2,
2022-09-02,23.3,15.6,31.2,0,,287,8.4,,1011.7,
2022-09-03,23.7,18,30,0.1,,277,13.5,,1013.4,
2022-09-04,21.6,17,27.2,0,,304,9.4,,1017.9,
2022-09-05,19.2,14,26,0.2,,311,11.4,,1017.2,
2022-09-06,16.9,10.7,24,0,,299,8,,1017.5,
2022-09-07,17,10.7,22.4,0,,353,6.8,,1017.9,
2022-09-08,17.3,7,26,0,,358,6.1,,1018.6,
2022-09-09,18.5,8,28.3,0,,22,3.2,,1018.1,
2022-09-10,19.7,9,31,0,,330,3.2,,1015.8,
2022-09-11,21.4,11,31.1,0,,309,7.1,,1011.8,
2022-09-12,18.9,14,25,1.8,,299,11.6,,1009.1,
2022-09-13,15.7,7.9,22.7,0,,303,9.5,,1011.6,
2022-09-14,15.1,6,24,0,,332,2.7,,1016.3,
2022-09-15,17.3,5,30,0,,354,2.9,,1017,
2022-09-16,21.7,10,33,0,,339,3.9,,1014,
2022-09-17,22.9,11,35,0,,350,4.1,,1009.6,
2022-09-18,21.5,10,33,0,,297,8.9,,1008.6,
2022-09-19,18.7,13,25,0,,260,11,,1013.1,
2022-09-20,15.8,8,23,0,,295,9.7,,1012.9,
2022-09-21,14.7,10,21,0,,272,10,,1013.1,
2022-09-22,11.3,8,15,0,,269,16.2,,1012.9,
2022-09-23,10.7,3,18,0,,298,8.5,,1016.6,
2022-09-24,11.6,3.8,18.6,0,,282,9.5,,1020.1,
2022-09-25,12,1,24,0,,28,4.7,,1021.2,
2022-09-26,13.9,1,28,0,,30,4.6,,1017.9,
2022-09-27,17.7,6.2,29.4,0,,239,8.2,,1011.7,
2022-09-28,19.3,13,24.7,2.2,,245,9.1,,1010.6,
2022-09-29,17.5,11,27,0.4,,62,7.6,,1014.2,
2022-09-30,18.3,8.6,28.1,0,,331,3.1,,1019,
2022-10-01,19.3,10,30,0,,305,4.2,,1022.3,
2022-10-02,16.8,12,27,0.8,,351,12.6,,1014.1,
2022-10-03,14.4,6,21,0,,285,7.7,,1013.7,
2022-10-04,13.2,9,18,0.5,,280,10.8,,1016.5,
2022-10-05,13,8.5,19,0,,290,12.1,,1023,
2022-10-06,12.8,4,20,0.1,,19,6,,1023.1,
2022-10-07,12.1,7,15,4.2,,338,3,,1019.6,
2022-10-08,11.6,9,14,7.1,,263,9.2,,1016.6,
2022-10-09,12.8,11,16,0,,283,13.1,,1019.9,
2022-10-10,12.5,5,20,0,,307,4.7,,1024.1,
2022-10-11,12.4,3,22,0,,70,7.7,,1022.5,
2022-10-12,12.6,6,20,0.2,,26,6.4,,1019.8,
2022-10-13,12.8,7,19.5,0,,294,8.4,,1019.7,
2022-10-14,12.4,5,19,2,,66,11,,1015.9,
2022-10-15,13,11,17,7.1,,70,7.4,,1014.2,
2022-10-16,12.4,11,14,18,,313,7.3,,1019.4,
2022-10-17,13.5,12,15,0.6,,342,10.2,,1024.8,
2022-10-18,13.7,11,18,0,,303,6.9,,1025,
2022-10-19,12.1,6,20,0,,318,5.1,,1017.6,
2022-10-20,13.6,11,18,0.1,,297,12.6,,1018.8,
2022-10-21,8.5,2,15,0,,297,8.6,,1023.5,
2022-10-22,5.9,-2,15,0,,88,8,,1026.2,
2022-10-23,8,0,19,0,,67,6.4,,1024.3,
2022-10-24,10.1,1,20,0,,333,4.1,,1023.9,
2022-10-25,8.9,0,19,0,,83,5.4,,1022,
2022-10-26,9.8,-1,21,0,,32,5.6,,1021.8,
2022-10-27,11.1,3,19,0,,325,6.3,,1025.4,
2022-10-28,8.9,0,17,0,,3,5.6,,1026.3,
2022-10-29,6.4,-2,16,0,,26,5.9,,1024.3,
2022-10-30,6,-2,17,0,,63,4.9,,1021.2,
2022-10-31,7.6,-3,19,0,,286,5.2,,1020.3,
2022-11-01,9.7,1,18,0,,288,9.1,,1022.5,
2022-11-02,7.6,-1,20,0,,283,3.7,,1021.8,
2022-11-03,10.3,0,21,0,,278,9.7,,1021.1,
2022-11-04,9.8,1,21,0,,222,5,,1018.9,
2022-11-05,10,0,21,0,,74,6.3,,1018.9,
2022-11-06,11.3,1,20,0,,89,9.8,,1017.5,
2022-11-07,9.9,2,17,0,,304,7.9,,1015.5,
2022-11-08,9.2,6,13,0,,261,10.3,,1019,
2022-11-09,6.8,-1,15,0,,291,7.9,,1021.2,
2022-11-10,5.6,-3,14.6,0,,31,3.4,,1023.3,
